identifier,title,description,article,image,date,category
d7fff6d1-dfa2-4654-8281-0ade1c5a0a15,ğŸš€ Get Ready for Hackathon,Everything you need to know about our upcoming hackathon event.,"## What to Expect ğŸ‰

Our hackathon is an exciting, high-energy event where developers, designers, and creators come together to build, learn, and share ideas. Expect a collaborative environment, long hours of coding, and the thrill of turning ideas into reality. Hereâ€™s a quick overview:

- **Teams**: Participants form teams to work on innovative projects.
- **Workshops**: Hands-on sessions to learn new skills and tools.
- **Mentorship**: Experienced mentors available for guidance and feedback.
- **Prizes**: Prizes for the best projects in various categories.

## Essential Tips for Hackathon Success ğŸ’¡

Here are some top tips to help you stay productive and make the most of the event:

1. **Choose a Manageable Project**: Focus on a project you can realistically complete in the hackathon timeframe. Keep it simple and impactful.
2. **Divide and Conquer**: Assign tasks based on each team memberâ€™s strengths. It keeps everyone engaged and speeds up development.
3. **Prioritize Functionality**: Start with the core features and work your way up. Fancy extras can wait until the main functionality is solid.
4. **Stay Organized**: Use tools like Git for version control and Trello or Notion for task management.
5. **Take Breaks**: It might be tempting to code nonstop, but breaks will keep your mind fresh and creative.

## Packing Checklist ğŸ’

Make sure youâ€™re fully prepared for the hackathon by bringing these essentials:

- **Laptop & Charger**: The most important tools for the event!
- **Headphones**: Great for focusing or tuning out the noise.
- **Snacks & Water**: Staying hydrated and fueled is key to productivity.
- **Notepad**: Jot down ideas or sketch out quick plans.
- **Comfortable Clothing**: Expect a long day (or two) of hacking, so dress comfortably.

## Workshops and Resources ğŸ“š

During the hackathon, weâ€™ll have workshops to help you learn and use new tools effectively. Topics will include:

- **APIs and Integrations**: How to connect your project to other apps and services.
- **UI/UX Basics**: Tips on designing user-friendly interfaces.
- **Git Essentials**: Best practices for collaborating and managing code.
- **Pitching Your Project**: How to present your work clearly and impress the judges.

## Networking Opportunities ğŸ¤

Hackathons are about more than just coding; they're also a chance to meet people with similar passions. Use this time to network, exchange ideas, and maybe even find future collaborators.

- **Meet the Mentors**: Our mentors are industry professionals who can offer valuable advice.
- **Connect with Other Teams**: Donâ€™t be afraid to chat with other participants. Everyoneâ€™s here to learn and share!
- **Stay Connected After the Event**: Add people on LinkedIn, follow them on GitHub, and keep in touch for future projects.

## Wrapping Up and Presentations ğŸ¤

The final part of the hackathon involves showcasing your hard work. Hereâ€™s how to make a strong impact:

1. **Prepare a Quick Demo**: Focus on the main features of your project.
2. **Keep It Simple**: Explain what your project does, why it matters, and the key technology used.
3. **Show Enthusiasm**: Your excitement for the project can make a big impression on the judges and audience.

## Final Thoughts

Hackathons are intense but incredibly rewarding. You'll learn new skills, make lasting connections, and experience the joy of creating something from scratch. So, pack your gear, bring your ideas, and get ready for an unforgettable event! ğŸš€

Happy hacking!",news/get-ready-for-hackathon.webp,2024-10-27,d32334a9-a408-4f62-8df7-abf55d33db89
d0c2c353-ac7d-4425-9294-33b014d29484,ğŸ’» Top 10 Coding Hacks,Our best programming tips to improve your workflow and save time!,"## Essential Tips for Hackathon Success ğŸ’¡

Every developer loves a good hack to streamline their workflow and save precious time. Whether you're coding for hours or tackling quick bug fixes, these coding hacks will help you work smarter, not harder. Letâ€™s dive in and discover some tricks that can make your coding life a bit easier!

## 1. Automate Repetitive Tasks ğŸ”„

Why waste time on the same task repeatedly? Automation is a developer's best friend. Use scripts or shortcuts for tasks you perform frequently. This could be anything from running tests to deploying code.

- **Tip**: Check out tools like `gulp` or `Grunt` to automate your build tasks.
- **Shortcut**: Set up your IDE to recognize command shortcuts for repetitive tasks, like code formatting or compiling.

## 2. Learn Keyboard Shortcuts ğŸ¹

Navigating through code with just a mouse can be tedious. Instead, learn your IDEâ€™s keyboard shortcuts. This one-time investment in learning shortcuts can save hours in the long run.

- **Example**: Use `Ctrl + P` to quickly search files in VS Code.
- **Challenge**: Try navigating your entire IDE for a day without a mouseâ€”itâ€™s a great way to learn new shortcuts fast!

## 3. Use Code Snippets ğŸ“

Many IDEs allow you to create and save snippets of code that you use frequently. These snippets save you from rewriting boilerplate code over and over.

- **Suggestion**: Create snippets for common structures like loops, database queries, or HTML tags.
- **Bonus**: Most IDEs have built-in snippetsâ€”explore and use them!

## 4. Optimize Git Usage ğŸ”€

Using Git efficiently can save tons of time, especially if youâ€™re working in a team. Learn key Git commands and try aliasing common ones.

- **Aliases**: Set up aliases for frequently used commands like `git status` or `git commit`.
- **Pro Tip**: Explore interactive rebase (`git rebase -i`) to clean up commit history.

## 5. Customize Your IDE ğŸ¨

Make your IDE work for you! Customize themes, install helpful plugins, and set up your layout so that it boosts your productivity.

- **Plugins**: Try popular plugins like ESLint or Prettier to keep your code neat.
- **Theme**: A theme that reduces eye strain, like dark mode, can make a huge difference for long coding sessions.

## 6. Use Efficient Debugging Techniques ğŸ

Debugging is a part of every coderâ€™s life. Knowing how to debug efficiently can save hours of frustration.

- **Breakpoint Tips**: Set breakpoints strategically rather than stepping through each line.
- **Logging**: Use console logs effectively by formatting them or adding visual cues.

## 7. Practice Refactoring Regularly ğŸ”§

Refactoring keeps your code clean and maintainable. Donâ€™t wait until code is messy to refactor; make it a habit.

- **Rule of Thumb**: Whenever you spot repeated code, itâ€™s a candidate for refactoring.
- **Simple Steps**: Break large functions into smaller ones, remove redundant comments, and rename ambiguous variables.

## 8. Leverage Online Resources ğŸŒ

The internet is packed with resources for every problem you could encounter. From Stack Overflow to GitHub discussions, someone has probably solved your problem before.

- **Favorite Websites**: Bookmark sites like Stack Overflow, MDN, and GitHub Gists.
- **Tip**: Donâ€™t hesitate to ask questions, and remember, even experienced developers Google things daily.

## 9. Document as You Go ğŸ“‘

Itâ€™s easy to skip documentation when youâ€™re in the zone, but good documentation can save hours down the line. Document your code, especially complex parts, while youâ€™re still in context.

- **Best Practices**: Use comments for tricky sections, and add docstrings to functions in Python.
- **Shortcut**: If using VS Code, `/**` followed by `Enter` auto-generates a comment template.

## 10. Keep Learning ğŸ§ 

Finally, the best hack of all is to keep learning. New tools, languages, and frameworks emerge all the time. Staying updated helps you find better ways to solve problems and may introduce you to tools that streamline your workflow even further.

- **Online Courses**: Sites like Udemy, Coursera, and YouTube are full of helpful tutorials.
- **Follow Trends**: Be aware of popular repositories on GitHub and trending topics in tech blogs.

## Wrapping It Up

Coding doesnâ€™t have to be a grind! With a few strategic tweaks and habits, you can streamline your work and enjoy the process even more. Try one or two hacks this week and see how it impacts your workflow. Happy coding! ğŸ’»",news/top-10-coding-hacks.webp,2024-10-27,d32334a9-a408-4f62-8df7-abf55d33db89
ce2de22a-1da4-4306-b750-01491273c151,ğŸ¤ Industry Insights,Interviews and advice from industry leaders â€“ perfect for a career boost!,"## Learning from the Experts ğŸŒ

Thereâ€™s nothing like advice from seasoned professionals to inspire and guide your career path. Industry leaders have insights that come from years of experience, trial, and innovation. In this article, weâ€™re sharing some valuable perspectives from leaders in tech, design, and beyond.

## Key Lessons from the Pros ğŸ’¡

Here are some standout lessons that industry veterans often share:

1. **Embrace Failure**: Mistakes are a natural part of growth. Many leaders say their biggest lessons came from failures that taught them resilience and adaptability.
2. **Focus on Problem-Solving**: A successful career is built on solving real-world problems. Focus on understanding the â€˜whyâ€™ behind your work, not just the â€˜how.â€™
3. **Value Collaboration**: The most successful projects are often team efforts. Learning to work well with others, whether remotely or in person, is a key skill.

## Interview Highlights ğŸ™ï¸

We had the chance to sit down with some incredible leaders to hear about their journeys, challenges, and advice for upcoming professionals. Here are a few memorable insights:

- **""Stay Curious""** â€“ Curiosity fuels innovation. When you ask questions and explore new ideas, you stay ahead in a rapidly changing field.
- **""Donâ€™t Rush Success""** â€“ True growth takes time. Many leaders emphasize that itâ€™s more important to build a solid foundation than to reach quick success.
- **""Learn from Every Project""** â€“ Each project offers something new. Take time to reflect on each experience, identifying what went well and what could improve.

## Building a Network ğŸ¤

Networking is essential in any career, but itâ€™s especially valuable in tech and creative industries. Here are some tips shared by our interviewees:

- **Attend Industry Events**: Conferences, workshops, and seminars are great places to meet like-minded people and potential mentors.
- **Engage Online**: Follow industry blogs, join LinkedIn groups, and participate in discussions. Online connections can open doors and help you stay informed.
- **Follow Up**: After meeting someone new, donâ€™t hesitate to reach out with a thank-you message or a question. Building relationships takes time and consistent effort.

## Practical Advice for Career Growth ğŸš€

Our industry leaders also shared some practical steps for anyone looking to advance their career:

- **Set Clear Goals**: Define what success means for you and set achievable milestones. Regularly review and adjust as you progress.
- **Seek Feedback**: Constructive criticism can help you improve. Whether from peers, mentors, or managers, take feedback as an opportunity to grow.
- **Invest in Continuous Learning**: The tech industry changes quickly. Regularly updating your skills and knowledge is crucial to staying relevant.

## Final Words of Wisdom âœ¨

The leaders we spoke with all agree on one thing: passion and persistence are your most powerful tools. Every step you take, every skill you learn, and every connection you make brings you closer to your goals. Remember, success is a journey, not a destination. Keep learning, stay curious, and donâ€™t be afraid to dream big. ğŸŒ

Hereâ€™s to your career journey!",news/insights-from-industry-leaders.webp,2024-10-27,059d9b07-8ed5-4572-9783-4b477882b1ee
c1d81cec-a042-47e5-947d-1c954b3996c9,ğŸ‰ Summer Bash Recap,A look back at our exciting summer event with photos and highlights!,"## Highlights of the Day ğŸŒ

The event was packed with fun activities, from games to live music and everything in between! We kicked off with some energizing tunes and kept the good vibes going throughout the day.

- **Live DJ**: The beats got everyone dancing and set the tone for an exciting day.
- **Outdoor Games**: From frisbee to soccer, everyone enjoyed some friendly competition.
- **BBQ & Food Stalls**: A variety of food options kept everyone fueled up and happy.

## Moments to Remember ğŸ’«

Here are some unforgettable moments that captured the spirit of our community:

1. **Surprise Dance-Off**: Halfway through the day, our very own dance crew surprised everyone with a flash mob! The audience went wild, and some even joined in.
2. **Photo Booth Fun**: Our creative photo booth was a hit, complete with fun props and costumes. Everyone left with memorable snapshots.
3. **End-of-Day Fireworks**: As the sun set, we ended the night with a beautiful firework display, lighting up the sky with colors that reflected the energy of the day.

## Behind the Scenes ğŸ“¸

A big thank you goes to our amazing volunteers and organizers who worked hard behind the scenes to make the Summer Bash a success. From setting up tents to arranging the sound systems, their efforts made this day possible.

- **Volunteers**: Over 50 volunteers dedicated their time to bring the event together.
- **Sponsors**: We couldnâ€™t have done it without our sponsors, who provided everything from refreshments to sound equipment.
- **Setup Team**: The setup was flawless, with comfortable seating, music equipment, and decoration that created the perfect summer vibe.

## Attendeesâ€™ Testimonials ğŸ¤

The best part of any event is hearing what our community thought! Hereâ€™s what some of the attendees had to say:

- â€œThis was my first time at the Summer Bash, and I was blown away! Such an amazing atmosphere.â€ â€“ Sarah
- â€œThe food, the music, the people...it was all just perfect. Canâ€™t wait for next year!â€ â€“ Mike
- â€œI loved the games and meeting new people. Made so many friends!â€ â€“ Jane

## Looking Forward

The Summer Bash was a day to remember, filled with good vibes, friends, and amazing experiences. Weâ€™re already planning next yearâ€™s bash, and we canâ€™t wait to make it even bigger and better. Stay tuned for updates, and thank you to everyone who came and made this event truly special! ğŸ‰

Until next year!",news/event-recap-summer-bash.webp,2024-10-27,9f9904a5-8c1b-4b03-a431-3f8b96b41995
b0c317fa-ecdd-48ff-80bf-0298227d6435,ğŸ–Œï¸ Creative Coding,Discover creative approaches to level up your coding skills.,"## Why Creativity Matters in Coding ğŸŒŸ

Coding isnâ€™t just about solving problems; itâ€™s also about creativity and finding unique ways to approach challenges. Adding creativity to your coding helps you write better, more flexible solutions and makes your projects more engaging. Letâ€™s dive into some techniques that bring a creative edge to your code!

## Embrace Modular Design ğŸ“¦

Breaking code into smaller, reusable modules not only makes it easier to manage but also encourages creative thinking. Modular design allows you to combine components in innovative ways, making your applications flexible and scalable.

- **Reusability**: Create modules that can be reused in other projects, saving time and effort.
- **Flexibility**: Modular code lets you mix and match components to create new functionalities without rewriting everything.
- **Examples**: Libraries or microservices are great examples of modular design in action.

## Explore Functional Programming Concepts ğŸ§©

Functional programming brings a unique, mathematical approach to coding that can spark new ways of solving problems. Even if your main language isnâ€™t functional, applying some of its principles can improve your coding skills.

- **Higher-Order Functions**: Functions that take other functions as arguments can lead to cleaner, more abstract code.
- **Pure Functions**: Pure functions donâ€™t rely on or alter external state, making them predictable and easy to test.
- **Immutability**: Working with immutable data reduces bugs and simplifies code maintenance.

## Get Inspired by Design Patterns ğŸ¨

Design patterns provide tried-and-true templates for solving common problems. Learning to use them creatively in different scenarios is a valuable skill.

- **Decorator Pattern**: Add functionality to objects dynamically without altering their structure. Perfect for flexible UI components.
- **Observer Pattern**: Allows objects to communicate changes efficiently, ideal for event-driven applications.
- **Factory Pattern**: A great way to manage object creation based on specific conditions or requirements.

## Leverage APIs for New Possibilities ğŸŒ

APIs open up endless opportunities by letting you connect your code with external services. This connection adds layers of functionality and interactivity to your projects.

- **Data Enrichment**: Use APIs to fetch data from external sources, enriching your application with real-time information.
- **Social Integrations**: Connect to social media APIs to add sharing or login options.
- **Experiment with Unique APIs**: Try APIs that are a bit off the beaten path, like weather, maps, or even joke APIs, to add a fun twist to your project.

## Experiment with Different Languages ğŸ› ï¸

Sometimes, working with a new language can spark creativity by forcing you to think in new ways. Each language has its strengths, and exploring them can expand your coding approach.

- **Python**: Great for rapid prototyping and data manipulation.
- **JavaScript**: Perfect for front-end creativity and interactive web projects.
- **Rust**: Known for its memory safety and performance, ideal for systems programming.

## Final Thoughts

Creativity in coding is about exploring new ideas, trying different approaches, and never settling for just â€œgood enough.â€ By embracing creative techniques, you can elevate your skills and enjoy the process even more. Remember, coding is an art as much as it is a science, so keep experimenting and let your creativity shine! ğŸŒˆ",news/creative-coding-techniques.webp,2024-10-27,d32334a9-a408-4f62-8df7-abf55d33db89
b00b8ed6-185e-42e5-a8e2-254a463a357e,ğŸƒ Sustainable Living Tips,Practical ideas on how to make your everyday life more sustainable.,"## Why Sustainability Matters ğŸŒ

Our planet is facing many environmental challenges, from climate change to pollution. Adopting sustainable habits helps conserve resources, reduces waste, and minimizes our impact on the planet. Every little step we take towards sustainability contributes to a healthier Earth for future generations.

Letâ€™s explore some simple ways to make our lives more eco-friendly!

## Everyday Tips for Sustainable Living ğŸŒ±

1. **Reduce, Reuse, Recycle**: This is a classic, but itâ€™s essential. Start by being mindful of the products you use and their lifecycle.
   - **Reduce**: Avoid single-use items and try to buy products with minimal packaging.
   - **Reuse**: Opt for reusable containers, bags, and water bottles.
   - **Recycle**: Sort your waste correctly to ensure that recyclable items are processed properly.

2. **Switch to Eco-Friendly Products**: Choose products that are biodegradable, recyclable, or have minimal environmental impact.
   - **Cleaning Supplies**: Use natural cleaners like vinegar and baking soda.
   - **Personal Care**: Try eco-friendly shampoos, soaps, and toothpaste.

3. **Conserve Energy and Water**: Small changes in your daily habits can help conserve resources.
   - **Turn Off Lights**: Turn off lights and electronics when theyâ€™re not in use.
   - **Shorter Showers**: Reducing shower time can save gallons of water each week.
   - **Unplug Chargers**: Chargers continue to consume energy even when not in use.

4. **Support Local and Sustainable Brands**: Many local companies focus on ethical, eco-friendly practices.
   - **Farmersâ€™ Markets**: Buying fresh produce from local markets reduces carbon emissions from transportation.
   - **Eco-Friendly Shops**: Support businesses that prioritize sustainable sourcing and production.

5. **Eat More Plants**: Adding more plant-based meals to your diet is not only healthy but also has a smaller environmental footprint than animal products.

## Sustainable Home Hacks ğŸ¡

Living sustainably at home is easy with a few tweaks. Here are some ideas to get you started:

- **Compost Your Waste**: Set up a small compost bin for food scraps. This reduces landfill waste and provides you with natural fertilizer.
- **Use LED Bulbs**: LED bulbs last longer and use less energy than traditional bulbs.
- **Eco-Friendly Decor**: Choose furniture and decorations made from recycled materials or sustainably sourced wood.

## Sustainable Travel Tips ğŸŒ

Traveling can also be done sustainably with a few mindful choices:

- **Public Transport**: Opt for buses, trains, or bicycles instead of driving when possible.
- **Pack Light**: The heavier a plane or car, the more fuel it consumes, so pack only what you need.
- **Eco-Friendly Accommodations**: Choose hotels or hostels that prioritize sustainability by using energy-efficient systems and reducing waste.

## Final Thoughts

Sustainable living is a journey, and every small change counts. Start with the tips that resonate most with you, and slowly build habits that contribute to a greener world. Remember, weâ€™re all in this together. Letâ€™s make sustainable choices for a better tomorrow! ğŸƒ",news/sustainable-living-tips.webp,2024-10-27,231a88e5-1578-4475-897a-e021b5650f67
a034450f-57d2-4307-bb3b-7ac139dad614,ğŸ“š Books for Developers,The best books to inspire and elevate every developerâ€™s skills.,"## Why Reading Matters for Coders ğŸ§ 

Books provide more than just technical knowledge. They can give you fresh perspectives on problem-solving, teach you about software architecture, and help you understand the broader context of the tech industry. Plus, they allow you to dive deeper into topics than most online tutorials.

A few hours spent reading can save you countless hours of trial and error in your projects. Letâ€™s explore some must-read books for every developer.

## Must-Read Books ğŸ“–

1. **Clean Code by Robert C. Martin**  
   *Description*: This book is a classic that teaches the principles of writing clean, efficient, and maintainable code. It covers everything from naming conventions to refactoring and testing.
   
2. **The Pragmatic Programmer by Andrew Hunt and David Thomas**  
   *Description*: This book is filled with practical tips and insights that help you become a well-rounded developer. Itâ€™s about improving your workflow, avoiding common pitfalls, and building software that lasts.

3. **You Donâ€™t Know JS by Kyle Simpson**  
   *Description*: If youâ€™re diving into JavaScript, this series is a must-read. It goes deep into the core concepts of JavaScript, making sure you truly understand the language.

4. **Design Patterns by Erich Gamma, Richard Helm, Ralph Johnson, and John Vlissides**  
   *Description*: Known as the â€œGang of Four,â€ these authors lay out classic design patterns that are foundational to object-oriented programming. Itâ€™s a challenging read but incredibly rewarding.

5. **Introduction to Algorithms by Thomas H. Cormen, Charles E. Leiserson, Ronald L. Rivest, and Clifford Stein**  
   *Description*: This comprehensive guide to algorithms is perfect for anyone interested in understanding the logic and theory behind efficient code.

## Tips for Getting the Most Out of These Books ğŸ“š

Reading a technical book can be intense. Hereâ€™s how to get the most out of each one:

- **Take Notes**: Jot down key concepts or create summaries for quick reference later.
- **Experiment Along the Way**: Try out examples and test the techniques in real code.
- **Discuss with Peers**: Book clubs or online forums are great for discussions. Talking through concepts can solidify your understanding.
- **Read at Your Own Pace**: Donâ€™t rush. Take the time to absorb each concept fully.

## When to Read vs. Code

Itâ€™s tempting to just jump into coding without reading, but the best developers find a balance. Hereâ€™s a simple guideline:

- **Start with Coding**: If youâ€™re trying to learn a language or framework, dive into coding first. Get your hands dirty with tutorials and small projects.
- **Add Reading for Depth**: Once youâ€™re comfortable, turn to books to deepen your understanding and refine your skills.

## Wrapping It Up

Books are invaluable resources that offer deep insights into coding and beyond. Whether youâ€™re refining your skills, learning best practices, or exploring new areas of development, thereâ€™s a book out there to guide you. Grab one from this list and see how it transforms your approach to coding. Happy reading! ğŸ“š",news/books-for-developers.webp,2024-10-27,d32334a9-a408-4f62-8df7-abf55d33db89
72ef0daf-4abd-4ae7-8d64-d286f866de4c,ğŸ§˜ Wellness for Busy Minds,Techniques and tips for relaxation and stress relief in a busy lifestyle.,"## Why Wellness Matters ğŸ’†

Wellness isnâ€™t just about physical health; itâ€™s about finding peace and stability in mind and body. Regular self-care routines can improve focus, reduce stress, and make it easier to tackle daily challenges. Itâ€™s all about taking a moment for yourself, so you can bring your best self to everything you do.

## Simple Relaxation Techniques ğŸ›‹ï¸

Here are some go-to techniques to help you de-stress, even during a busy day:

1. **Deep Breathing**: Take a few minutes to breathe deeply and slowly. Deep breaths calm the nervous system and help clear the mind.
2. **Progressive Muscle Relaxation**: Tense each muscle group for a few seconds, then release. This can help you physically feel the stress melting away.
3. **Visualization**: Close your eyes and imagine a peaceful place, like a beach or forest. Use all your senses to picture the settingâ€”itâ€™s a powerful way to reset.

## Incorporating Wellness into Daily Life ğŸŒ¸

Busy schedules often make it hard to dedicate long periods to self-care, but there are ways to integrate wellness into your day:

- **Start the Day Mindfully**: Instead of checking your phone first thing, take five minutes to sit quietly, breathe, and set intentions for the day.
- **Take Mini-Breaks**: Short breaks throughout the day can help you recharge. Use them to stand up, stretch, or just look out the window and let your mind wander.
- **Evening Wind-Down**: Dedicate the last 30 minutes before bed to a relaxing routine, whether itâ€™s reading, journaling, or listening to calming music.

## The Power of Movement ğŸƒ

Exercise is a natural stress reliever and can work wonders for mental wellness. You donâ€™t need to hit the gym daily; even a short walk or gentle yoga session can help:

- **Yoga and Stretching**: Stretching your body releases tension and can help improve both flexibility and focus.
- **Walking Outdoors**: Fresh air and nature have calming effects, and a short walk can work wonders for mental clarity.
- **Desk Exercises**: If youâ€™re working at a desk, try some simple seated stretches to relieve tension in your neck, shoulders, and back.

## Mindfulness Practices ğŸ§˜â€â™€ï¸

Mindfulness is about being present in the moment, and itâ€™s an incredible tool for reducing stress. Here are a few ways to add mindfulness to your daily routine:

- **Meditation**: Start with just five minutes a day, focusing on your breath. Over time, you can increase the duration as it feels comfortable.
- **Gratitude Journaling**: Writing down things youâ€™re grateful for shifts your focus from stress to positivity. Aim to list three things each day.
- **Mindful Eating**: Take time to appreciate each bite of your meal. Focus on the flavors, textures, and colors of the food.

## Final Thoughts

Finding balance is a journey, and every small effort counts. Wellness doesnâ€™t require a lot of time or resourcesâ€”itâ€™s about making conscious choices to care for your mind and body. Try integrating these tips into your routine and see how they bring calm and clarity to your life. Remember, you deserve a moment to breathe, relax, and reconnect with yourself. ğŸŒ¿

Stay well, and take it one breath at a time.",news/wellness-for-busy-minds.webp,2024-10-27,231a88e5-1578-4475-897a-e021b5650f67
4e95aa07-1d3c-49a6-b7d9-f0c96c706230,ğŸŒ„ Morning Motivation,Tips for a productive morning to start your day full of energy.,"## Why Mornings Matter â˜€ï¸

The morning is like a blank canvas, giving you a fresh start and setting the tone for the hours ahead. Many successful people have developed morning routines that get them in the right mindset. Itâ€™s about waking up with intention, adding structure, and finding small joys that lift you up.  

A morning filled with energy and good habits can lead to a day filled with productivity and a positive attitude. So letâ€™s explore how to make that happen!

## Essential Tips for a Productive Morning ğŸŒ…

1. **Get Enough Sleep**: A productive day actually starts the night before! Aim for 7-8 hours of quality sleep to wake up refreshed.  
2. **Hydrate First Thing**: Drink a glass of water right when you wake up. It helps rehydrate your body and jumpstart your metabolism.
3. **Skip the Snooze Button**: While itâ€™s tempting to get a few extra minutes of sleep, it actually makes you feel more tired. Try to get up on your first alarm.
4. **Stretch & Breathe**: A few stretches or even some deep breathing can energize you and get the blood flowing.
5. **Prioritize Quiet Time**: Even five minutes of silence or meditation can make a huge difference in calming the mind and setting your intentions.

## Creating a Personalized Routine ğŸŒ±

Each morning routine is unique because everyoneâ€™s needs are different. Hereâ€™s a simple guide to help you create a morning routine that suits you:

- **Identify Your Goals**: Do you want a calm start, or are you looking for energy and motivation? Choose activities that align with your morning goals.
- **Choose Activities You Enjoy**: It could be journaling, reading, or listening to a favorite podcast. Enjoying the process makes it easier to maintain.
- **Set a Regular Wake-Up Time**: Consistency is key. Aim to wake up at the same time every day, even on weekends.  
- **Prepare the Night Before**: Lay out your clothes, prep your breakfast, or write a quick to-do list. This will help you focus on what matters in the morning without rushing.

## Ideas for a Boost of Energy ğŸš€

Sometimes, you need that extra boost. Here are some activities that add excitement to your morning:

- **Play Uplifting Music**: Start your day with a playlist that makes you feel good.
- **Get Moving**: Try a quick workout or a short walk outside to get your body moving.
- **Write Down 3 Things Youâ€™re Grateful For**: Gratitude has a magical effect on your mindset.  
- **Treat Yourself to a Tasty Breakfast**: Nourishing food not only fuels your body but also adds a touch of joy.

## Wrapping It Up

Transforming your mornings doesnâ€™t have to mean changing everything at once. Start small by trying one or two tips that resonate with you. With time, youâ€™ll notice a difference in how you feel, and you may even look forward to getting out of bed! So go ahead and give yourself the gift of a great morning. ğŸŒ…

Happy mornings!",news/morning-motivation.webp,2024-10-27,231a88e5-1578-4475-897a-e021b5650f67
4cc365a2-462b-43cb-8eac-b3e025763b7a,ğŸ† Highlights of the Year,Our best moments and achievements from the past months at a glance.,"## Celebrating Milestones ğŸ‰

This year has been filled with incredible achievements and unforgettable moments! From successful events to exciting projects, our community has accomplished so much together. Hereâ€™s a look back at some of the highlights that made this year truly special.

## Major Events and Gatherings ğŸ¥‚

Throughout the year, we hosted several events that brought us closer and created lasting memories. Here are a few standout moments:

- **Annual Meetup**: Our biggest event of the year, where members from all around joined to share experiences, insights, and lots of laughs.
- **Summer Workshop Series**: A series of hands-on workshops where we explored new tech trends and practical skills. The turnout was fantastic, and the feedback has been amazing!
- **End-of-Year Celebration**: We wrapped up the year with a cozy gathering, complete with awards, reflections, and plenty of good cheer.

## Project Achievements ğŸ’ª

This year saw the successful completion of several exciting projects, each one a testament to the dedication and hard work of our community members:

- **Project X**: A groundbreaking initiative that allowed us to explore new solutions in tech. The team put in countless hours, and the results were outstanding.
- **Community Platform Upgrade**: We revamped our online platform, making it easier for everyone to connect, share resources, and stay updated on upcoming events.
- **Charity Fundraiser**: Our members came together to raise funds for a meaningful cause. It was heartwarming to see everyoneâ€™s generosity and support.

## Testimonials from Our Members ğŸ¤

Nothing says it better than hearing from our members themselves. Hereâ€™s what some of you had to say about this yearâ€™s highlights:

- â€œThis year has been such a rewarding experience. Iâ€™ve learned so much and made great friends!â€ â€“ Alex  
- â€œThe workshops were a game-changer for me. I felt inspired and supported by the whole community.â€ â€“ Emma  
- â€œBeing part of this group has been one of the best decisions I made this year. The projects were challenging but incredibly fulfilling.â€ â€“ Mark  

## Looking Forward to New Goals ğŸš€

As we celebrate these moments, weâ€™re also looking ahead to even more ambitious goals for the coming year:

- **Expanding Workshops**: We plan to introduce more topics and bring in experts from various fields.
- **Enhanced Member Resources**: Weâ€™re working on expanding our resource library, making it easier for everyone to access valuable materials.
- **Community Outreach Programs**: To give back, we aim to organize more events that benefit both our members and the larger community.

## A Heartfelt Thank You ğŸ’–

Thank you to everyone who made this year possible. Whether you attended events, contributed to projects, or simply cheered us on from afar, youâ€™ve been a part of our story. Hereâ€™s to many more shared achievements and joyful memories in the years to come!

Hereâ€™s to a fantastic year ahead! ğŸ¥‚",news/highlights-of-the-year.webp,2024-10-27,059d9b07-8ed5-4572-9783-4b477882b1ee
